Year,Production_Value_1000USD,Value_Unit
2004,198494,1000 USD
2005,185252,1000 USD
2006,197957,1000 USD
2007,218729,1000 USD
2008,172137,1000 USD
2009,221319,1000 USD
2010,172137,1000 USD
2011,148775,1000 USD
2012,200826,1000 USD
2013,163120,1000 USD
2014,202876,1000 USD
2015,172137,1000 USD
2016,188941,1000 USD
2017,158284,1000 USD
2018,169575,1000 USD
2019,182383,1000 USD
2020,151234,1000 USD
2021,141398,1000 USD
2022,212712,1000 USD
2023,199597,1000 USD
2024,202876,1000 USD
